theta0,theta1
0.9393189294442795,-1.0035757423825866
