theta0,theta1
0.9393189226668247,-1.0035757244796826
